country,year,num_pages
Afghanistan,2013,484
Afghanistan,2014,457
Afghanistan,2015,333
Afghanistan,2016,214
Afghanistan,2017,158
Afghanistan,2018,129
Afghanistan,2019,139
Afghanistan,2020,152
Afghanistan,2021,910
Afghanistan,2022,318
Afghanistan,2023,196
Aland Islands,2013,0
Aland Islands,2014,0
Aland Islands,2015,0
Aland Islands,2023,0
Albania,2013,8
Albania,2014,27
Albania,2015,20
Albania,2016,30
Albania,2017,12
Albania,2018,20
Albania,2019,14
Albania,2020,7
Albania,2021,24
Albania,2022,38
Albania,2023,31
Algeria,2013,125
Algeria,2014,88
Algeria,2015,23
Algeria,2016,14
Algeria,2017,6
Algeria,2018,9
Algeria,2019,45
Algeria,2020,12
Algeria,2021,17
Algeria,2022,12
Algeria,2023,10
American Samoa,2013,0
American Samoa,2014,0
American Samoa,2015,0
American Samoa,2016,0
American Samoa,2017,0
American Samoa,2018,0
American Samoa,2019,0
American Samoa,2020,0
American Samoa,2021,0
American Samoa,2022,1
American Samoa,2023,0
Andorra,2013,0
Andorra,2014,8
Andorra,2015,4
Andorra,2016,2
Andorra,2017,1
Andorra,2018,0
Andorra,2019,4
Andorra,2020,3
Andorra,2021,12
Andorra,2022,3
Andorra,2023,2
Angola,2013,21
Angola,2014,8
Angola,2015,34
Angola,2016,15
Angola,2017,5
Angola,2018,4
Angola,2019,7
Angola,2020,24
Angola,2021,3
Angola,2022,8
Angola,2023,7
Anguilla,2013,0
Anguilla,2014,0
Anguilla,2015,0
Anguilla,2016,0
Anguilla,2017,0
Anguilla,2018,0
Anguilla,2019,0
Anguilla,2020,0
Anguilla,2021,0
Anguilla,2022,0
Anguilla,2023,1
Antigua and Barbuda,2013,3
Antigua and Barbuda,2014,0
Antigua and Barbuda,2015,2
Antigua and Barbuda,2016,1
Antigua and Barbuda,2017,16
Antigua and Barbuda,2018,7
Antigua and Barbuda,2019,2
Antigua and Barbuda,2020,1
Antigua and Barbuda,2021,2
Antigua and Barbuda,2022,7
Antigua and Barbuda,2023,7
Argentina,2013,189
Argentina,2014,328
Argentina,2015,226
Argentina,2016,176
Argentina,2017,119
Argentina,2018,148
Argentina,2019,110
Argentina,2020,92
Argentina,2021,69
Argentina,2022,161
Argentina,2023,144
Armenia,2013,4
Armenia,2014,25
Armenia,2015,47
Armenia,2016,23
Armenia,2017,2
Armenia,2018,13
Armenia,2019,13
Armenia,2020,39
Armenia,2021,8
Armenia,2022,8
Armenia,2023,51
Aruba,2013,0
Aruba,2014,0
Aruba,2015,0
Aruba,2016,1
Aruba,2017,0
Aruba,2018,0
Aruba,2019,0
Aruba,2020,0
Aruba,2021,0
Aruba,2022,0
Aruba,2023,0
Australia,2013,8214
Australia,2014,13875
Australia,2015,15586
Australia,2016,22764
Australia,2017,23462
Australia,2018,22323
Australia,2019,22824
Australia,2020,26259
Australia,2021,26744
Australia,2022,29297
Australia,2023,28314
Austria,2013,77
Austria,2014,57
Austria,2015,102
Austria,2016,147
Austria,2017,49
Austria,2018,49
Austria,2019,74
Austria,2020,78
Austria,2021,86
Austria,2022,72
Austria,2023,45
Azerbaijan,2013,9
Azerbaijan,2014,34
Azerbaijan,2015,44
Azerbaijan,2016,20
Azerbaijan,2017,20
Azerbaijan,2018,12
Azerbaijan,2019,11
Azerbaijan,2020,38
Azerbaijan,2021,16
Azerbaijan,2022,12
Azerbaijan,2023,44
Bahamas,2013,5
Bahamas,2014,5
Bahamas,2015,8
Bahamas,2016,13
Bahamas,2017,15
Bahamas,2018,2
Bahamas,2019,35
Bahamas,2020,5
Bahamas,2021,5
Bahamas,2022,15
Bahamas,2023,7
Bahrain,2013,62
Bahrain,2014,29
Bahrain,2015,33
Bahrain,2016,44
Bahrain,2017,38
Bahrain,2018,25
Bahrain,2019,54
Bahrain,2020,20
Bahrain,2021,22
Bahrain,2022,18
Bahrain,2023,9
Bangladesh,2013,182
Bangladesh,2014,113
Bangladesh,2015,121
Bangladesh,2016,169
Bangladesh,2017,112
Bangladesh,2018,84
Bangladesh,2019,86
Bangladesh,2020,72
Bangladesh,2021,68
Bangladesh,2022,43
Bangladesh,2023,76
Barbados,2013,7
Barbados,2014,2
Barbados,2015,3
Barbados,2016,6
Barbados,2017,9
Barbados,2018,9
Barbados,2019,6
Barbados,2020,7
Barbados,2021,21
Barbados,2022,16
Barbados,2023,13
Belarus,2013,13
Belarus,2014,44
Belarus,2015,36
Belarus,2016,26
Belarus,2017,12
Belarus,2018,3
Belarus,2019,15
Belarus,2020,111
Belarus,2021,116
Belarus,2022,72
Belarus,2023,73
Belgium,2013,83
Belgium,2014,164
Belgium,2015,136
Belgium,2016,231
Belgium,2017,83
Belgium,2018,207
Belgium,2019,124
Belgium,2020,150
Belgium,2021,127
Belgium,2022,104
Belgium,2023,88
Belize,2013,10
Belize,2014,1
Belize,2015,4
Belize,2016,6
Belize,2017,5
Belize,2018,2
Belize,2019,2
Belize,2020,1
Belize,2021,8
Belize,2022,9
Belize,2023,6
Benin,2013,5
Benin,2014,9
Benin,2015,4
Benin,2016,7
Benin,2017,3
Benin,2018,2
Benin,2019,12
Benin,2020,3
Benin,2021,7
Benin,2022,12
Benin,2023,9
Bermuda,2013,6
Bermuda,2014,2
Bermuda,2015,2
Bermuda,2016,4
Bermuda,2017,7
Bermuda,2018,5
Bermuda,2019,4
Bermuda,2020,1
Bermuda,2021,3
Bermuda,2022,4
Bermuda,2023,2
Bhutan,2013,8
Bhutan,2014,11
Bhutan,2015,10
Bhutan,2016,2
Bhutan,2017,5
Bhutan,2018,5
Bhutan,2019,3
Bhutan,2020,1
Bhutan,2021,2
Bhutan,2022,1
Bhutan,2023,5
Bolivia,2013,41
Bolivia,2014,25
Bolivia,2015,25
Bolivia,2016,32
Bolivia,2017,32
Bolivia,2018,8
Bolivia,2019,51
Bolivia,2020,31
Bolivia,2021,12
Bolivia,2022,20
Bolivia,2023,20
Bonaire Sint Eustatius and Saba,2013,0
Bonaire Sint Eustatius and Saba,2014,0
Bonaire Sint Eustatius and Saba,2015,0
Bonaire Sint Eustatius and Saba,2023,0
Bosnia and Herzegovina,2013,23
Bosnia and Herzegovina,2014,52
Bosnia and Herzegovina,2015,25
Bosnia and Herzegovina,2016,34
Bosnia and Herzegovina,2017,29
Bosnia and Herzegovina,2018,33
Bosnia and Herzegovina,2019,25
Bosnia and Herzegovina,2020,22
Bosnia and Herzegovina,2021,34
Bosnia and Herzegovina,2022,19
Bosnia and Herzegovina,2023,21
Botswana,2013,7
Botswana,2014,11
Botswana,2015,6
Botswana,2016,10
Botswana,2017,6
Botswana,2018,3
Botswana,2019,8
Botswana,2020,7
Botswana,2021,10
Botswana,2022,1
Botswana,2023,3
Bouvet Island,2013,0
Bouvet Island,2014,0
Bouvet Island,2015,0
Bouvet Island,2023,0
Brazil,2013,496
Brazil,2014,681
Brazil,2015,313
Brazil,2016,460
Brazil,2017,250
Brazil,2018,337
Brazil,2019,317
Brazil,2020,385
Brazil,2021,265
Brazil,2022,345
Brazil,2023,305
British Indian Ocean Territory,2013,0
British Indian Ocean Territory,2014,0
British Indian Ocean Territory,2015,0
British Indian Ocean Territory,2023,0
British Virgin Islands,2013,17
British Virgin Islands,2014,7
British Virgin Islands,2015,7
British Virgin Islands,2016,11
British Virgin Islands,2017,34
British Virgin Islands,2018,9
British Virgin Islands,2019,2
British Virgin Islands,2020,4
British Virgin Islands,2021,19
British Virgin Islands,2022,9
British Virgin Islands,2023,3
Brunei,2013,3
Brunei,2014,5
Brunei,2015,6
Brunei,2016,2
Brunei,2017,0
Brunei,2018,0
Brunei,2019,22
Brunei,2020,0
Brunei,2021,1
Brunei,2022,0
Brunei,2023,1
Bulgaria,2013,100
Bulgaria,2014,42
Bulgaria,2015,19
Bulgaria,2016,21
Bulgaria,2017,18
Bulgaria,2018,15
Bulgaria,2019,59
Bulgaria,2020,22
Bulgaria,2021,10
Bulgaria,2022,13
Bulgaria,2023,15
Burkina Faso,2013,24
Burkina Faso,2014,20
Burkina Faso,2015,17
Burkina Faso,2016,19
Burkina Faso,2017,12
Burkina Faso,2018,5
Burkina Faso,2019,10
Burkina Faso,2020,22
Burkina Faso,2021,15
Burkina Faso,2022,13
Burkina Faso,2023,12
Burundi,2013,4
Burundi,2014,12
Burundi,2015,51
Burundi,2016,25
Burundi,2017,5
Burundi,2018,6
Burundi,2019,5
Burundi,2020,6
Burundi,2021,1
Burundi,2022,4
Burundi,2023,3
Cambodia,2013,55
Cambodia,2014,69
Cambodia,2015,66
Cambodia,2016,41
Cambodia,2017,40
Cambodia,2018,38
Cambodia,2019,23
Cambodia,2020,24
Cambodia,2021,18
Cambodia,2022,28
Cambodia,2023,29
Cameroon,2013,28
Cameroon,2014,60
Cameroon,2015,22
Cameroon,2016,27
Cameroon,2017,34
Cameroon,2018,22
Cameroon,2019,41
Cameroon,2020,15
Cameroon,2021,10
Cameroon,2022,36
Cameroon,2023,9
Canada,2013,335
Canada,2014,313
Canada,2015,415
Canada,2016,526
Canada,2017,385
Canada,2018,495
Canada,2019,390
Canada,2020,338
Canada,2021,374
Canada,2022,414
Canada,2023,426
Cape Verde,2013,9
Cape Verde,2014,3
Cape Verde,2015,5
Cape Verde,2016,2
Cape Verde,2017,0
Cape Verde,2018,0
Cape Verde,2019,1
Cape Verde,2020,0
Cape Verde,2021,2
Cape Verde,2022,1
Cape Verde,2023,4
Cayman Islands,2013,7
Cayman Islands,2014,0
Cayman Islands,2015,12
Cayman Islands,2016,10
Cayman Islands,2017,5
Cayman Islands,2018,7
Cayman Islands,2019,4
Cayman Islands,2020,6
Cayman Islands,2021,5
Cayman Islands,2022,1
Cayman Islands,2023,2
Central African Republic,2013,50
Central African Republic,2014,76
Central African Republic,2015,46
Central African Republic,2016,29
Central African Republic,2017,16
Central African Republic,2018,11
Central African Republic,2019,11
Central African Republic,2020,4
Central African Republic,2021,3
Central African Republic,2022,5
Central African Republic,2023,7
Chad,2013,22
Chad,2014,12
Chad,2015,18
Chad,2016,22
Chad,2017,15
Chad,2018,6
Chad,2019,2
Chad,2020,10
Chad,2021,9
Chad,2022,8
Chad,2023,11
Chile,2013,112
Chile,2014,160
Chile,2015,83
Chile,2016,72
Chile,2017,59
Chile,2018,42
Chile,2019,79
Chile,2020,56
Chile,2021,71
Chile,2022,43
Chile,2023,83
China,2013,1249
China,2014,1180
China,2015,1166
China,2016,985
China,2017,853
China,2018,883
China,2019,1129
China,2020,1832
China,2021,1200
China,2022,1214
China,2023,1171
Christmas Island,2013,12
Christmas Island,2014,20
Christmas Island,2015,42
Christmas Island,2016,14
Christmas Island,2017,3
Christmas Island,2018,7
Christmas Island,2019,28
Christmas Island,2020,29
Christmas Island,2021,30
Christmas Island,2022,4
Christmas Island,2023,3
Cocos Islands,2013,0
Cocos Islands,2014,0
Cocos Islands,2015,0
Cocos Islands,2016,0
Cocos Islands,2017,0
Cocos Islands,2018,0
Cocos Islands,2019,0
Cocos Islands,2020,1
Cocos Islands,2021,0
Cocos Islands,2022,0
Cocos Islands,2023,0
Colombia,2013,72
Colombia,2014,198
Colombia,2015,94
Colombia,2016,160
Colombia,2017,67
Colombia,2018,125
Colombia,2019,54
Colombia,2020,61
Colombia,2021,83
Colombia,2022,57
Colombia,2023,115
Comoros,2013,0
Comoros,2014,2
Comoros,2015,1
Comoros,2016,1
Comoros,2017,0
Comoros,2018,1
Comoros,2019,0
Comoros,2020,1
Comoros,2021,1
Comoros,2022,6
Comoros,2023,1
Congo,2013,94
Congo,2014,66
Congo,2015,64
Congo,2016,71
Congo,2017,39
Congo,2018,83
Congo,2019,92
Congo,2020,41
Congo,2021,38
Congo,2022,48
Congo,2023,20
Cook Islands,2013,3
Cook Islands,2014,1
Cook Islands,2015,0
Cook Islands,2016,0
Cook Islands,2017,1
Cook Islands,2018,2
Cook Islands,2019,4
Cook Islands,2020,11
Cook Islands,2021,7
Cook Islands,2022,4
Cook Islands,2023,9
Costa Rica,2013,31
Costa Rica,2014,108
Costa Rica,2015,18
Costa Rica,2016,26
Costa Rica,2017,16
Costa Rica,2018,31
Costa Rica,2019,4
Costa Rica,2020,15
Costa Rica,2021,14
Costa Rica,2022,25
Costa Rica,2023,14
Cote d'Ivoire,2013,34
Cote d'Ivoire,2014,49
Cote d'Ivoire,2015,21
Cote d'Ivoire,2016,20
Cote d'Ivoire,2017,19
Cote d'Ivoire,2018,6
Cote d'Ivoire,2019,10
Cote d'Ivoire,2020,9
Cote d'Ivoire,2021,5
Cote d'Ivoire,2022,26
Cote d'Ivoire,2023,6
Croatia,2013,47
Croatia,2014,79
Croatia,2015,64
Croatia,2016,58
Croatia,2017,32
Croatia,2018,153
Croatia,2019,31
Croatia,2020,35
Croatia,2021,55
Croatia,2022,56
Croatia,2023,29
Cuba,2013,113
Cuba,2014,124
Cuba,2015,131
Cuba,2016,156
Cuba,2017,58
Cuba,2018,38
Cuba,2019,43
Cuba,2020,25
Cuba,2021,36
Cuba,2022,38
Cuba,2023,19
Curacao,2013,0
Curacao,2014,0
Curacao,2015,0
Curacao,2016,0
Curacao,2017,0
Curacao,2018,0
Curacao,2019,0
Curacao,2020,0
Curacao,2021,0
Curacao,2022,0
Curacao,2023,0
Cyprus,2013,240
Cyprus,2014,33
Cyprus,2015,39
Cyprus,2016,37
Cyprus,2017,35
Cyprus,2018,32
Cyprus,2019,37
Cyprus,2020,34
Cyprus,2021,36
Cyprus,2022,17
Cyprus,2023,41
Czechia,2013,28
Czechia,2014,45
Czechia,2015,27
Czechia,2016,59
Czechia,2017,40
Czechia,2018,55
Czechia,2019,55
Czechia,2020,69
Czechia,2021,66
Czechia,2022,39
Czechia,2023,42
Democratic Republic of Congo,2013,2
Democratic Republic of Congo,2014,7
Democratic Republic of Congo,2015,2
Democratic Republic of Congo,2016,0
Democratic Republic of Congo,2017,1
Democratic Republic of Congo,2018,0
Democratic Republic of Congo,2019,2
Democratic Republic of Congo,2020,0
Democratic Republic of Congo,2021,1
Democratic Republic of Congo,2022,3
Democratic Republic of Congo,2023,0
Denmark,2013,84
Denmark,2014,146
Denmark,2015,139
Denmark,2016,109
Denmark,2017,77
Denmark,2018,118
Denmark,2019,89
Denmark,2020,96
Denmark,2021,171
Denmark,2022,109
Denmark,2023,84
Djibouti,2013,0
Djibouti,2014,4
Djibouti,2015,0
Djibouti,2016,0
Djibouti,2017,2
Djibouti,2018,3
Djibouti,2019,2
Djibouti,2020,3
Djibouti,2021,2
Djibouti,2022,2
Djibouti,2023,1
Dominica,2013,11
Dominica,2014,8
Dominica,2015,16
Dominica,2016,9
Dominica,2017,25
Dominica,2018,6
Dominica,2019,6
Dominica,2020,2
Dominica,2021,9
Dominica,2022,8
Dominica,2023,10
Dominican Republic,2013,10
Dominican Republic,2014,7
Dominican Republic,2015,14
Dominican Republic,2016,9
Dominican Republic,2017,14
Dominican Republic,2018,3
Dominican Republic,2019,5
Dominican Republic,2020,2
Dominican Republic,2021,7
Dominican Republic,2022,8
Dominican Republic,2023,2
East Timor,2013,9
East Timor,2014,20
East Timor,2015,9
East Timor,2016,9
East Timor,2017,15
East Timor,2018,31
East Timor,2019,22
East Timor,2020,17
East Timor,2021,28
East Timor,2022,25
East Timor,2023,11
Ecuador,2013,94
Ecuador,2014,84
Ecuador,2015,43
Ecuador,2016,54
Ecuador,2017,29
Ecuador,2018,46
Ecuador,2019,35
Ecuador,2020,34
Ecuador,2021,30
Ecuador,2022,25
Ecuador,2023,33
Egypt,2013,730
Egypt,2014,481
Egypt,2015,322
Egypt,2016,184
Egypt,2017,134
Egypt,2018,128
Egypt,2019,114
Egypt,2020,84
Egypt,2021,93
Egypt,2022,156
Egypt,2023,91
El Salvador,2013,20
El Salvador,2014,32
El Salvador,2015,24
El Salvador,2016,38
El Salvador,2017,16
El Salvador,2018,39
El Salvador,2019,19
El Salvador,2020,10
El Salvador,2021,21
El Salvador,2022,21
El Salvador,2023,16
Equatorial Guinea,2013,4
Equatorial Guinea,2014,6
Equatorial Guinea,2015,18
Equatorial Guinea,2016,2
Equatorial Guinea,2017,7
Equatorial Guinea,2018,4
Equatorial Guinea,2019,0
Equatorial Guinea,2020,0
Equatorial Guinea,2021,1
Equatorial Guinea,2022,4
Equatorial Guinea,2023,0
Eritrea,2013,6
Eritrea,2014,23
Eritrea,2015,71
Eritrea,2016,26
Eritrea,2017,23
Eritrea,2018,15
Eritrea,2019,12
Eritrea,2020,13
Eritrea,2021,21
Eritrea,2022,11
Eritrea,2023,17
Estonia,2013,8
Estonia,2014,50
Estonia,2015,27
Estonia,2016,23
Estonia,2017,12
Estonia,2018,16
Estonia,2019,18
Estonia,2020,7
Estonia,2021,16
Estonia,2022,26
Estonia,2023,29
Eswatini,2013,2
Eswatini,2014,7
Eswatini,2015,3
Eswatini,2016,8
Eswatini,2017,0
Eswatini,2018,1
Eswatini,2019,2
Eswatini,2020,1
Eswatini,2021,4
Eswatini,2022,1
Eswatini,2023,2
Ethiopia,2013,75
Ethiopia,2014,85
Ethiopia,2015,100
Ethiopia,2016,52
Ethiopia,2017,41
Ethiopia,2018,35
Ethiopia,2019,77
Ethiopia,2020,74
Ethiopia,2021,85
Ethiopia,2022,70
Ethiopia,2023,41
Falkland Islands,2013,63
Falkland Islands,2014,13
Falkland Islands,2015,18
Falkland Islands,2016,22
Falkland Islands,2017,13
Falkland Islands,2018,12
Falkland Islands,2019,6
Falkland Islands,2020,8
Falkland Islands,2021,8
Falkland Islands,2022,11
Falkland Islands,2023,12
Faroe Islands,2013,6
Faroe Islands,2014,7
Faroe Islands,2015,11
Faroe Islands,2016,7
Faroe Islands,2017,3
Faroe Islands,2018,2
Faroe Islands,2019,8
Faroe Islands,2020,7
Faroe Islands,2021,9
Faroe Islands,2022,7
Faroe Islands,2023,3
Fiji,2013,16
Fiji,2014,24
Fiji,2015,78
Fiji,2016,40
Fiji,2017,24
Fiji,2018,11
Fiji,2019,46
Fiji,2020,77
Fiji,2021,43
Fiji,2022,51
Fiji,2023,73
Finland,2013,35
Finland,2014,51
Finland,2015,58
Finland,2016,44
Finland,2017,36
Finland,2018,63
Finland,2019,47
Finland,2020,39
Finland,2021,37
Finland,2022,84
Finland,2023,77
France,2013,1521
France,2014,1428
France,2015,1894
France,2016,1518
France,2017,1032
France,2018,1106
France,2019,1020
France,2020,1064
France,2021,1110
France,2022,1099
France,2023,1011
French Guiana,2013,0
French Guiana,2014,0
French Guiana,2015,1
French Guiana,2016,0
French Guiana,2017,0
French Guiana,2018,0
French Guiana,2019,0
French Guiana,2020,0
French Guiana,2021,0
French Guiana,2022,0
French Guiana,2023,0
French Polynesia,2013,0
French Polynesia,2014,0
French Polynesia,2015,0
French Polynesia,2016,1
French Polynesia,2017,1
French Polynesia,2018,0
French Polynesia,2019,1
French Polynesia,2020,6
French Polynesia,2021,4
French Polynesia,2022,5
French Polynesia,2023,9
French Southern Territories,2013,0
French Southern Territories,2014,0
French Southern Territories,2015,0
French Southern Territories,2023,0
Gabon,2013,3
Gabon,2014,6
Gabon,2015,8
Gabon,2016,11
Gabon,2017,10
Gabon,2018,3
Gabon,2019,3
Gabon,2020,4
Gabon,2021,5
Gabon,2022,21
Gabon,2023,9
Gambia,2013,10
Gambia,2014,10
Gambia,2015,11
Gambia,2016,32
Gambia,2017,21
Gambia,2018,9
Gambia,2019,8
Gambia,2020,5
Gambia,2021,12
Gambia,2022,13
Gambia,2023,4
Gaza Strip,2016,32
Gaza Strip,2017,28
Gaza Strip,2018,92
Gaza Strip,2019,54
Gaza Strip,2020,18
Gaza Strip,2021,100
Gaza Strip,2022,29
Gaza Strip,2023,1594
Georgia,2013,21
Georgia,2014,24
Georgia,2015,52
Georgia,2016,29
Georgia,2017,20
Georgia,2018,21
Georgia,2019,27
Georgia,2020,20
Georgia,2021,8
Georgia,2022,22
Georgia,2023,39
Germany,2013,834
Germany,2014,936
Germany,2015,871
Germany,2016,795
Germany,2017,624
Germany,2018,553
Germany,2019,619
Germany,2020,671
Germany,2021,650
Germany,2022,610
Germany,2023,476
Ghana,2013,80
Ghana,2014,123
Ghana,2015,50
Ghana,2016,47
Ghana,2017,33
Ghana,2018,27
Ghana,2019,34
Ghana,2020,26
Ghana,2021,25
Ghana,2022,47
Ghana,2023,36
Gibraltar,2013,65
Gibraltar,2014,20
Gibraltar,2015,15
Gibraltar,2016,12
Gibraltar,2017,42
Gibraltar,2018,27
Gibraltar,2019,24
Gibraltar,2020,8
Gibraltar,2021,16
Gibraltar,2022,8
Gibraltar,2023,7
Greece,2013,359
Greece,2014,287
Greece,2015,1189
Greece,2016,334
Greece,2017,197
Greece,2018,150
Greece,2019,146
Greece,2020,235
Greece,2021,208
Greece,2022,150
Greece,2023,233
Greenland,2013,19
Greenland,2014,16
Greenland,2015,10
Greenland,2016,11
Greenland,2017,9
Greenland,2018,9
Greenland,2019,33
Greenland,2020,7
Greenland,2021,10
Greenland,2022,14
Greenland,2023,6
Grenada,2013,5
Grenada,2014,4
Grenada,2015,1
Grenada,2016,1
Grenada,2017,1
Grenada,2018,2
Grenada,2019,1
Grenada,2020,3
Grenada,2021,1
Grenada,2022,5
Grenada,2023,7
Guadeloupe,2013,2
Guadeloupe,2014,0
Guadeloupe,2015,0
Guadeloupe,2016,0
Guadeloupe,2017,0
Guadeloupe,2018,1
Guadeloupe,2019,0
Guadeloupe,2020,0
Guadeloupe,2021,0
Guadeloupe,2022,0
Guadeloupe,2023,1
Guam,2013,0
Guam,2014,0
Guam,2015,0
Guam,2016,0
Guam,2017,4
Guam,2018,1
Guam,2019,1
Guam,2020,18
Guam,2021,11
Guam,2022,2
Guam,2023,5
Guatemala,2013,38
Guatemala,2014,32
Guatemala,2015,28
Guatemala,2016,32
Guatemala,2017,26
Guatemala,2018,44
Guatemala,2019,30
Guatemala,2020,20
Guatemala,2021,19
Guatemala,2022,10
Guatemala,2023,22
Guernsey,2013,1
Guernsey,2014,0
Guernsey,2015,0
Guernsey,2016,0
Guernsey,2017,0
Guernsey,2018,9
Guernsey,2019,10
Guernsey,2020,4
Guernsey,2021,2
Guernsey,2022,2
Guernsey,2023,5
Guinea,2013,18
Guinea,2014,104
Guinea,2015,30
Guinea,2016,15
Guinea,2017,2
Guinea,2018,2
Guinea,2019,7
Guinea,2020,7
Guinea,2021,8
Guinea,2022,6
Guinea,2023,3
Guinea-Bissau,2013,1
Guinea-Bissau,2014,2
Guinea-Bissau,2015,1
Guinea-Bissau,2016,1
Guinea-Bissau,2017,0
Guinea-Bissau,2018,4
Guinea-Bissau,2019,1
Guinea-Bissau,2020,2
Guinea-Bissau,2021,1
Guinea-Bissau,2022,2
Guinea-Bissau,2023,2
Guyana,2013,3
Guyana,2014,5
Guyana,2015,1
Guyana,2016,6
Guyana,2017,3
Guyana,2018,6
Guyana,2019,4
Guyana,2020,8
Guyana,2021,9
Guyana,2022,4
Guyana,2023,20
Haiti,2013,51
Haiti,2014,34
Haiti,2015,32
Haiti,2016,47
Haiti,2017,22
Haiti,2018,58
Haiti,2019,18
Haiti,2020,21
Haiti,2021,81
Haiti,2022,37
Haiti,2023,47
Heard Island and McDonald Islands,2013,0
Heard Island and McDonald Islands,2014,0
Heard Island and McDonald Islands,2015,0
Heard Island and McDonald Islands,2023,0
Honduras,2013,29
Honduras,2014,84
Honduras,2015,28
Honduras,2016,50
Honduras,2017,42
Honduras,2018,44
Honduras,2019,24
Honduras,2020,24
Honduras,2021,28
Honduras,2022,26
Honduras,2023,16
Hong Kong,2013,112
Hong Kong,2014,144
Hong Kong,2015,73
Hong Kong,2016,109
Hong Kong,2017,103
Hong Kong,2018,83
Hong Kong,2019,398
Hong Kong,2020,397
Hong Kong,2021,192
Hong Kong,2022,129
Hong Kong,2023,122
Hungary,2013,30
Hungary,2014,46
Hungary,2015,151
Hungary,2016,92
Hungary,2017,64
Hungary,2018,104
Hungary,2019,99
Hungary,2020,88
Hungary,2021,115
Hungary,2022,91
Hungary,2023,69
Iceland,2013,101
Iceland,2014,81
Iceland,2015,70
Iceland,2016,168
Iceland,2017,45
Iceland,2018,67
Iceland,2019,34
Iceland,2020,41
Iceland,2021,32
Iceland,2022,33
Iceland,2023,46
India,2013,759
India,2014,1070
India,2015,713
India,2016,740
India,2017,627
India,2018,609
India,2019,527
India,2020,523
India,2021,900
India,2022,460
India,2023,602
Indonesia,2013,279
Indonesia,2014,282
Indonesia,2015,289
Indonesia,2016,198
Indonesia,2017,125
Indonesia,2018,156
Indonesia,2019,125
Indonesia,2020,82
Indonesia,2021,95
Indonesia,2022,115
Indonesia,2023,55
Iran,2013,649
Iran,2014,443
Iran,2015,674
Iran,2016,368
Iran,2017,322
Iran,2018,376
Iran,2019,421
Iran,2020,492
Iran,2021,207
Iran,2022,371
Iran,2023,210
Iraq,2013,376
Iraq,2014,1159
Iraq,2015,568
Iraq,2016,515
Iraq,2017,240
Iraq,2018,107
Iraq,2019,131
Iraq,2020,148
Iraq,2021,92
Iraq,2022,61
Iraq,2023,100
Ireland,2013,650
Ireland,2014,517
Ireland,2015,691
Ireland,2016,618
Ireland,2017,530
Ireland,2018,715
Ireland,2019,681
Ireland,2020,480
Ireland,2021,406
Ireland,2022,406
Ireland,2023,440
Isle of Man,2013,7
Isle of Man,2014,6
Isle of Man,2015,3
Isle of Man,2016,15
Isle of Man,2017,11
Isle of Man,2018,11
Isle of Man,2019,6
Isle of Man,2020,7
Isle of Man,2021,9
Isle of Man,2022,10
Isle of Man,2023,12
Israel,2013,685
Israel,2014,913
Israel,2015,533
Israel,2016,341
Israel,2017,398
Israel,2018,414
Israel,2019,411
Israel,2020,328
Israel,2021,396
Israel,2022,275
Israel,2023,1887
Italy,2013,910
Italy,2014,747
Italy,2015,598
Italy,2016,700
Italy,2017,416
Italy,2018,616
Italy,2019,610
Italy,2020,772
Italy,2021,586
Italy,2022,508
Italy,2023,539
Jamaica,2013,41
Jamaica,2014,41
Jamaica,2015,56
Jamaica,2016,32
Jamaica,2017,34
Jamaica,2018,58
Jamaica,2019,44
Jamaica,2020,57
Jamaica,2021,49
Jamaica,2022,54
Jamaica,2023,52
Japan,2013,445
Japan,2014,405
Japan,2015,430
Japan,2016,391
Japan,2017,312
Japan,2018,345
Japan,2019,393
Japan,2020,393
Japan,2021,353
Japan,2022,310
Japan,2023,317
Jersey,2013,9
Jersey,2014,9
Jersey,2015,8
Jersey,2016,4
Jersey,2017,8
Jersey,2018,4
Jersey,2019,6
Jersey,2020,5
Jersey,2021,23
Jersey,2022,14
Jersey,2023,4
Jordan,2013,103
Jordan,2014,49
Jordan,2015,76
Jordan,2016,43
Jordan,2017,17
Jordan,2018,13
Jordan,2019,20
Jordan,2020,26
Jordan,2021,14
Jordan,2022,6
Jordan,2023,18
Kazakhstan,2013,44
Kazakhstan,2014,36
Kazakhstan,2015,34
Kazakhstan,2016,15
Kazakhstan,2017,21
Kazakhstan,2018,8
Kazakhstan,2019,9
Kazakhstan,2020,7
Kazakhstan,2021,6
Kazakhstan,2022,40
Kazakhstan,2023,10
Kenya,2013,271
Kenya,2014,162
Kenya,2015,202
Kenya,2016,126
Kenya,2017,103
Kenya,2018,65
Kenya,2019,72
Kenya,2020,71
Kenya,2021,82
Kenya,2022,85
Kenya,2023,102
Kiribati,2013,4
Kiribati,2014,8
Kiribati,2015,14
Kiribati,2016,2
Kiribati,2017,4
Kiribati,2018,9
Kiribati,2019,4
Kiribati,2020,11
Kiribati,2021,11
Kiribati,2022,20
Kiribati,2023,4
Kosovo,2013,8
Kosovo,2014,28
Kosovo,2015,11
Kosovo,2016,19
Kosovo,2017,11
Kosovo,2018,24
Kosovo,2019,34
Kosovo,2020,6
Kosovo,2021,7
Kosovo,2022,14
Kosovo,2023,35
Kuwait,2013,15
Kuwait,2014,16
Kuwait,2015,26
Kuwait,2016,13
Kuwait,2017,9
Kuwait,2018,5
Kuwait,2019,1
Kuwait,2020,9
Kuwait,2021,4
Kuwait,2022,10
Kuwait,2023,4
Kyrgyzstan,2013,14
Kyrgyzstan,2014,15
Kyrgyzstan,2015,11
Kyrgyzstan,2016,10
Kyrgyzstan,2017,11
Kyrgyzstan,2018,1
Kyrgyzstan,2019,1
Kyrgyzstan,2020,2
Kyrgyzstan,2021,4
Kyrgyzstan,2022,4
Kyrgyzstan,2023,5
Laos,2013,16
Laos,2014,7
Laos,2015,15
Laos,2016,11
Laos,2017,4
Laos,2018,7
Laos,2019,2
Laos,2020,2
Laos,2021,1
Laos,2022,2
Laos,2023,8
Latvia,2013,14
Latvia,2014,42
Latvia,2015,20
Latvia,2016,12
Latvia,2017,9
Latvia,2018,5
Latvia,2019,8
Latvia,2020,7
Latvia,2021,13
Latvia,2022,14
Latvia,2023,13
Lebanon,2013,144
Lebanon,2014,78
Lebanon,2015,95
Lebanon,2016,77
Lebanon,2017,36
Lebanon,2018,29
Lebanon,2019,53
Lebanon,2020,105
Lebanon,2021,41
Lebanon,2022,24
Lebanon,2023,55
Lesotho,2013,3
Lesotho,2014,7
Lesotho,2015,4
Lesotho,2016,2
Lesotho,2017,1
Lesotho,2018,4
Lesotho,2019,3
Lesotho,2020,11
Lesotho,2021,12
Lesotho,2022,0
Lesotho,2023,4
Liberia,2013,39
Liberia,2014,170
Liberia,2015,50
Liberia,2016,23
Liberia,2017,24
Liberia,2018,10
Liberia,2019,7
Liberia,2020,4
Liberia,2021,1
Liberia,2022,3
Liberia,2023,2
Libya,2013,214
Libya,2014,150
Libya,2015,196
Libya,2016,158
Libya,2017,139
Libya,2018,79
Libya,2019,110
Libya,2020,97
Libya,2021,68
Libya,2022,28
Libya,2023,55
Liechtenstein,2013,0
Liechtenstein,2014,4
Liechtenstein,2015,1
Liechtenstein,2016,2
Liechtenstein,2017,0
Liechtenstein,2018,1
Liechtenstein,2019,1
Liechtenstein,2020,1
Liechtenstein,2021,3
Liechtenstein,2022,1
Liechtenstein,2023,0
Lithuania,2013,16
Lithuania,2014,34
Lithuania,2015,38
Lithuania,2016,21
Lithuania,2017,24
Lithuania,2018,10
Lithuania,2019,20
Lithuania,2020,12
Lithuania,2021,18
Lithuania,2022,31
Lithuania,2023,19
Luxembourg,2013,11
Luxembourg,2014,48
Luxembourg,2015,19
Luxembourg,2016,20
Luxembourg,2017,12
Luxembourg,2018,9
Luxembourg,2019,21
Luxembourg,2020,8
Luxembourg,2021,14
Luxembourg,2022,5
Luxembourg,2023,5
Macao,2013,0
Macao,2014,3
Macao,2015,8
Macao,2016,3
Macao,2017,6
Macao,2018,14
Macao,2019,6
Macao,2020,7
Macao,2021,3
Macao,2022,0
Macao,2023,2
Madagascar,2013,9
Madagascar,2014,16
Madagascar,2015,15
Madagascar,2016,21
Madagascar,2017,10
Madagascar,2018,9
Madagascar,2019,15
Madagascar,2020,5
Madagascar,2021,11
Madagascar,2022,7
Madagascar,2023,10
Malawi,2013,26
Malawi,2014,31
Malawi,2015,35
Malawi,2016,21
Malawi,2017,10
Malawi,2018,6
Malawi,2019,17
Malawi,2020,20
Malawi,2021,25
Malawi,2022,32
Malawi,2023,22
Malaysia,2013,56
Malaysia,2014,612
Malaysia,2015,150
Malaysia,2016,106
Malaysia,2017,90
Malaysia,2018,103
Malaysia,2019,86
Malaysia,2020,60
Malaysia,2021,31
Malaysia,2022,41
Malaysia,2023,55
Maldives,2013,18
Maldives,2014,7
Maldives,2015,18
Maldives,2016,12
Maldives,2017,4
Maldives,2018,13
Maldives,2019,0
Maldives,2020,3
Maldives,2021,5
Maldives,2022,6
Maldives,2023,3
Mali,2013,236
Mali,2014,47
Mali,2015,48
Mali,2016,34
Mali,2017,12
Mali,2018,13
Mali,2019,18
Mali,2020,25
Mali,2021,22
Mali,2022,26
Mali,2023,24
Malta,2013,21
Malta,2014,16
Malta,2015,28
Malta,2016,27
Malta,2017,53
Malta,2018,43
Malta,2019,39
Malta,2020,25
Malta,2021,25
Malta,2022,15
Malta,2023,13
Marshall Islands,2013,3
Marshall Islands,2014,13
Marshall Islands,2015,14
Marshall Islands,2016,4
Marshall Islands,2017,3
Marshall Islands,2018,2
Marshall Islands,2019,4
Marshall Islands,2020,7
Marshall Islands,2021,9
Marshall Islands,2022,5
Marshall Islands,2023,4
Martinique,2013,0
Martinique,2014,0
Martinique,2015,0
Martinique,2016,0
Martinique,2017,0
Martinique,2018,1
Martinique,2019,0
Martinique,2020,0
Martinique,2021,0
Martinique,2022,0
Martinique,2023,0
Mauritania,2013,4
Mauritania,2014,5
Mauritania,2015,8
Mauritania,2016,10
Mauritania,2017,3
Mauritania,2018,6
Mauritania,2019,2
Mauritania,2020,1
Mauritania,2021,1
Mauritania,2022,4
Mauritania,2023,1
Mauritius,2013,7
Mauritius,2014,16
Mauritius,2015,6
Mauritius,2016,6
Mauritius,2017,3
Mauritius,2018,6
Mauritius,2019,7
Mauritius,2020,8
Mauritius,2021,12
Mauritius,2022,13
Mauritius,2023,4
Mayotte,2013,0
Mayotte,2014,0
Mayotte,2015,0
Mayotte,2016,0
Mayotte,2017,0
Mayotte,2018,0
Mayotte,2019,0
Mayotte,2020,0
Mayotte,2021,0
Mayotte,2022,0
Mayotte,2023,0
Mexico,2013,226
Mexico,2014,289
Mexico,2015,381
Mexico,2016,340
Mexico,2017,272
Mexico,2018,358
Mexico,2019,313
Mexico,2020,230
Mexico,2021,222
Mexico,2022,199
Mexico,2023,253
Micronesia (country),2013,1
Micronesia (country),2014,2
Micronesia (country),2015,6
Micronesia (country),2016,5
Micronesia (country),2017,0
Micronesia (country),2018,3
Micronesia (country),2019,2
Micronesia (country),2020,3
Micronesia (country),2021,3
Micronesia (country),2022,8
Micronesia (country),2023,1
Moldova,2013,14
Moldova,2014,28
Moldova,2015,12
Moldova,2016,11
Moldova,2017,2
Moldova,2018,5
Moldova,2019,1
Moldova,2020,5
Moldova,2021,8
Moldova,2022,24
Moldova,2023,30
Monaco,2013,28
Monaco,2014,77
Monaco,2015,65
Monaco,2016,24
Monaco,2017,75
Monaco,2018,12
Monaco,2019,10
Monaco,2020,5
Monaco,2021,7
Monaco,2022,14
Monaco,2023,5
Mongolia,2013,20
Mongolia,2014,12
Mongolia,2015,10
Mongolia,2016,9
Mongolia,2017,8
Mongolia,2018,8
Mongolia,2019,7
Mongolia,2020,6
Mongolia,2021,5
Mongolia,2022,3
Mongolia,2023,7
Montenegro,2013,49
Montenegro,2014,14
Montenegro,2015,12
Montenegro,2016,10
Montenegro,2017,9
Montenegro,2018,16
Montenegro,2019,23
Montenegro,2020,0
Montenegro,2021,5
Montenegro,2022,5
Montenegro,2023,6
Montserrat,2013,1
Montserrat,2014,0
Montserrat,2015,0
Montserrat,2016,5
Montserrat,2017,3
Montserrat,2018,1
Montserrat,2019,1
Montserrat,2020,0
Montserrat,2021,0
Montserrat,2022,0
Montserrat,2023,1
Morocco,2013,47
Morocco,2014,40
Morocco,2015,49
Morocco,2016,43
Morocco,2017,32
Morocco,2018,39
Morocco,2019,26
Morocco,2020,23
Morocco,2021,37
Morocco,2022,89
Morocco,2023,55
Mozambique,2013,20
Mozambique,2014,13
Mozambique,2015,21
Mozambique,2016,18
Mozambique,2017,11
Mozambique,2018,10
Mozambique,2019,25
Mozambique,2020,13
Mozambique,2021,26
Mozambique,2022,11
Mozambique,2023,10
Myanmar,2013,72
Myanmar,2014,30
Myanmar,2015,54
Myanmar,2016,74
Myanmar,2017,134
Myanmar,2018,157
Myanmar,2019,63
Myanmar,2020,46
Myanmar,2021,184
Myanmar,2022,92
Myanmar,2023,54
Namibia,2013,11
Namibia,2014,16
Namibia,2015,22
Namibia,2016,11
Namibia,2017,7
Namibia,2018,4
Namibia,2019,16
Namibia,2020,4
Namibia,2021,9
Namibia,2022,2
Namibia,2023,16
Nauru,2013,29
Nauru,2014,95
Nauru,2015,194
Nauru,2016,323
Nauru,2017,97
Nauru,2018,170
Nauru,2019,94
Nauru,2020,21
Nauru,2021,19
Nauru,2022,24
Nauru,2023,33
Nepal,2013,70
Nepal,2014,85
Nepal,2015,170
Nepal,2016,49
Nepal,2017,47
Nepal,2018,17
Nepal,2019,27
Nepal,2020,22
Nepal,2021,38
Nepal,2022,26
Nepal,2023,37
Netherlands,2013,116
Netherlands,2014,355
Netherlands,2015,140
Netherlands,2016,175
Netherlands,2017,181
Netherlands,2018,198
Netherlands,2019,239
Netherlands,2020,180
Netherlands,2021,224
Netherlands,2022,191
Netherlands,2023,223
New Caledonia,2013,0
New Caledonia,2014,1
New Caledonia,2015,0
New Caledonia,2016,1
New Caledonia,2017,4
New Caledonia,2018,6
New Caledonia,2019,2
New Caledonia,2020,7
New Caledonia,2021,9
New Caledonia,2022,2
New Caledonia,2023,8
New Zealand,2013,432
New Zealand,2014,392
New Zealand,2015,570
New Zealand,2016,431
New Zealand,2017,516
New Zealand,2018,452
New Zealand,2019,797
New Zealand,2020,797
New Zealand,2021,830
New Zealand,2022,721
New Zealand,2023,541
Nicaragua,2013,19
Nicaragua,2014,24
Nicaragua,2015,16
Nicaragua,2016,17
Nicaragua,2017,9
Nicaragua,2018,39
Nicaragua,2019,9
Nicaragua,2020,17
Nicaragua,2021,26
Nicaragua,2022,10
Nicaragua,2023,10
Niger,2013,21
Niger,2014,13
Niger,2015,17
Niger,2016,10
Niger,2017,18
Niger,2018,12
Niger,2019,8
Niger,2020,17
Niger,2021,8
Niger,2022,4
Niger,2023,41
Nigeria,2013,169
Nigeria,2014,378
Nigeria,2015,216
Nigeria,2016,227
Nigeria,2017,140
Nigeria,2018,117
Nigeria,2019,125
Nigeria,2020,129
Nigeria,2021,107
Nigeria,2022,98
Nigeria,2023,107
Niue,2013,0
Niue,2014,0
Niue,2015,0
Niue,2016,0
Niue,2017,0
Niue,2018,0
Niue,2019,0
Niue,2020,0
Niue,2021,0
Niue,2022,0
Niue,2023,0
Norfolk Island,2013,0
Norfolk Island,2014,0
Norfolk Island,2015,6
Norfolk Island,2016,11
Norfolk Island,2017,4
Norfolk Island,2018,1
Norfolk Island,2019,0
Norfolk Island,2020,2
Norfolk Island,2021,0
Norfolk Island,2022,3
Norfolk Island,2023,4
North Korea,2013,298
North Korea,2014,256
North Korea,2015,130
North Korea,2016,147
North Korea,2017,463
North Korea,2018,372
North Korea,2019,133
North Korea,2020,52
North Korea,2021,43
North Korea,2022,81
North Korea,2023,63
North Macedonia,2013,6
North Macedonia,2014,10
North Macedonia,2015,30
North Macedonia,2016,29
North Macedonia,2017,9
North Macedonia,2018,26
North Macedonia,2019,11
North Macedonia,2020,7
North Macedonia,2021,15
North Macedonia,2022,5
North Macedonia,2023,15
Northern Mariana Islands,2013,0
Northern Mariana Islands,2014,0
Northern Mariana Islands,2015,0
Northern Mariana Islands,2023,0
Norway,2013,91
Norway,2014,136
Norway,2015,109
Norway,2016,90
Norway,2017,87
Norway,2018,60
Norway,2019,91
Norway,2020,83
Norway,2021,83
Norway,2022,95
Norway,2023,97
Oman,2013,12
Oman,2014,10
Oman,2015,9
Oman,2016,7
Oman,2017,1
Oman,2018,5
Oman,2019,5
Oman,2020,6
Oman,2021,5
Oman,2022,5
Oman,2023,2
Pakistan,2013,376
Pakistan,2014,295
Pakistan,2015,354
Pakistan,2016,403
Pakistan,2017,166
Pakistan,2018,198
Pakistan,2019,205
Pakistan,2020,191
Pakistan,2021,142
Pakistan,2022,274
Pakistan,2023,171
Palau,2013,2
Palau,2014,2
Palau,2015,3
Palau,2016,1
Palau,2017,1
Palau,2018,5
Palau,2019,0
Palau,2020,9
Palau,2021,10
Palau,2022,9
Palau,2023,2
Palestine,2013,76
Palestine,2014,583
Palestine,2015,82
Palestine,2016,34
Palestine,2017,29
Palestine,2018,92
Palestine,2019,59
Palestine,2020,18
Palestine,2021,100
Palestine,2022,30
Palestine,2023,1596
Panama,2013,11
Panama,2014,12
Panama,2015,11
Panama,2016,43
Panama,2017,46
Panama,2018,53
Panama,2019,19
Panama,2020,12
Panama,2021,8
Panama,2022,15
Panama,2023,20
Papua New Guinea,2013,65
Papua New Guinea,2014,154
Papua New Guinea,2015,87
Papua New Guinea,2016,101
Papua New Guinea,2017,148
Papua New Guinea,2018,77
Papua New Guinea,2019,93
Papua New Guinea,2020,81
Papua New Guinea,2021,80
Papua New Guinea,2022,48
Papua New Guinea,2023,46
Paraguay,2013,11
Paraguay,2014,5
Paraguay,2015,27
Paraguay,2016,18
Paraguay,2017,12
Paraguay,2018,12
Paraguay,2019,7
Paraguay,2020,20
Paraguay,2021,8
Paraguay,2022,13
Paraguay,2023,9
Peru,2013,82
Peru,2014,91
Peru,2015,64
Peru,2016,82
Peru,2017,57
Peru,2018,54
Peru,2019,37
Peru,2020,53
Peru,2021,56
Peru,2022,57
Peru,2023,58
Philippines,2013,187
Philippines,2014,92
Philippines,2015,94
Philippines,2016,127
Philippines,2017,82
Philippines,2018,65
Philippines,2019,88
Philippines,2020,64
Philippines,2021,55
Philippines,2022,60
Philippines,2023,77
Pitcairn,2013,0
Pitcairn,2014,0
Pitcairn,2015,1
Pitcairn,2016,0
Pitcairn,2017,0
Pitcairn,2018,0
Pitcairn,2019,0
Pitcairn,2020,0
Pitcairn,2021,0
Pitcairn,2022,0
Pitcairn,2023,0
Poland,2013,125
Poland,2014,104
Poland,2015,144
Poland,2016,210
Poland,2017,133
Poland,2018,144
Poland,2019,127
Poland,2020,143
Poland,2021,176
Poland,2022,197
Poland,2023,170
Portugal,2013,127
Portugal,2014,157
Portugal,2015,73
Portugal,2016,148
Portugal,2017,82
Portugal,2018,73
Portugal,2019,55
Portugal,2020,81
Portugal,2021,119
Portugal,2022,120
Portugal,2023,93
Puerto Rico,2013,2
Puerto Rico,2014,3
Puerto Rico,2015,37
Puerto Rico,2016,29
Puerto Rico,2017,79
Puerto Rico,2018,26
Puerto Rico,2019,26
Puerto Rico,2020,11
Puerto Rico,2021,8
Puerto Rico,2022,21
Puerto Rico,2023,8
Qatar,2013,162
Qatar,2014,180
Qatar,2015,95
Qatar,2016,44
Qatar,2017,86
Qatar,2018,41
Qatar,2019,42
Qatar,2020,46
Qatar,2021,63
Qatar,2022,213
Qatar,2023,71
Reunion,2013,0
Reunion,2014,1
Reunion,2015,11
Reunion,2016,4
Reunion,2017,1
Reunion,2018,0
Reunion,2019,1
Reunion,2020,2
Reunion,2021,1
Reunion,2022,2
Reunion,2023,0
Romania,2013,117
Romania,2014,82
Romania,2015,67
Romania,2016,71
Romania,2017,45
Romania,2018,31
Romania,2019,32
Romania,2020,31
Romania,2021,28
Romania,2022,23
Romania,2023,47
Russia,2013,1157
Russia,2014,1869
Russia,2015,1050
Russia,2016,1108
Russia,2017,1152
Russia,2018,1515
Russia,2019,784
Russia,2020,644
Russia,2021,534
Russia,2022,4416
Russia,2023,2328
Rwanda,2013,50
Rwanda,2014,87
Rwanda,2015,45
Rwanda,2016,28
Rwanda,2017,18
Rwanda,2018,28
Rwanda,2019,31
Rwanda,2020,21
Rwanda,2021,31
Rwanda,2022,181
Rwanda,2023,157
Saint Barthelemy,2013,0
Saint Barthelemy,2014,0
Saint Barthelemy,2015,0
Saint Barthelemy,2023,0
Saint Helena,2013,2
Saint Helena,2014,0
Saint Helena,2015,2
Saint Helena,2016,2
Saint Helena,2017,1
Saint Helena,2018,0
Saint Helena,2019,2
Saint Helena,2020,11
Saint Helena,2021,1
Saint Helena,2022,0
Saint Helena,2023,1
Saint Kitts and Nevis,2013,6
Saint Kitts and Nevis,2014,0
Saint Kitts and Nevis,2015,0
Saint Kitts and Nevis,2016,1
Saint Kitts and Nevis,2017,0
Saint Kitts and Nevis,2018,0
Saint Kitts and Nevis,2019,0
Saint Kitts and Nevis,2020,0
Saint Kitts and Nevis,2021,0
Saint Kitts and Nevis,2022,0
Saint Kitts and Nevis,2023,0
Saint Lucia,2013,4
Saint Lucia,2014,1
Saint Lucia,2015,1
Saint Lucia,2016,0
Saint Lucia,2017,7
Saint Lucia,2018,2
Saint Lucia,2019,4
Saint Lucia,2020,1
Saint Lucia,2021,2
Saint Lucia,2022,4
Saint Lucia,2023,2
Saint Martin (French part),2013,0
Saint Martin (French part),2014,0
Saint Martin (French part),2015,0
Saint Martin (French part),2023,0
Saint Pierre and Miquelon,2013,0
Saint Pierre and Miquelon,2014,0
Saint Pierre and Miquelon,2015,0
Saint Pierre and Miquelon,2023,0
Saint Vincent and the Grenadines,2013,0
Saint Vincent and the Grenadines,2014,0
Saint Vincent and the Grenadines,2015,0
Saint Vincent and the Grenadines,2016,0
Saint Vincent and the Grenadines,2017,0
Saint Vincent and the Grenadines,2018,0
Saint Vincent and the Grenadines,2019,0
Saint Vincent and the Grenadines,2020,0
Saint Vincent and the Grenadines,2021,0
Saint Vincent and the Grenadines,2022,0
Saint Vincent and the Grenadines,2023,0
Samoa,2013,6
Samoa,2014,35
Samoa,2015,43
Samoa,2016,10
Samoa,2017,28
Samoa,2018,8
Samoa,2019,23
Samoa,2020,27
Samoa,2021,20
Samoa,2022,26
Samoa,2023,20
San Marino,2013,18
San Marino,2014,17
San Marino,2015,9
San Marino,2016,1
San Marino,2017,0
San Marino,2018,1
San Marino,2019,1
San Marino,2020,0
San Marino,2021,15
San Marino,2022,1
San Marino,2023,2
Sao Tome and Principe,2013,0
Sao Tome and Principe,2014,1
Sao Tome and Principe,2015,1
Sao Tome and Principe,2016,1
Sao Tome and Principe,2017,1
Sao Tome and Principe,2018,1
Sao Tome and Principe,2019,0
Sao Tome and Principe,2020,0
Sao Tome and Principe,2021,0
Sao Tome and Principe,2022,0
Sao Tome and Principe,2023,0
Saudi Arabia,2013,145
Saudi Arabia,2014,130
Saudi Arabia,2015,290
Saudi Arabia,2016,294
Saudi Arabia,2017,251
Saudi Arabia,2018,401
Saudi Arabia,2019,314
Saudi Arabia,2020,186
Saudi Arabia,2021,170
Saudi Arabia,2022,225
Saudi Arabia,2023,185
Senegal,2013,22
Senegal,2014,36
Senegal,2015,32
Senegal,2016,18
Senegal,2017,26
Senegal,2018,32
Senegal,2019,19
Senegal,2020,17
Senegal,2021,21
Senegal,2022,68
Senegal,2023,20
Serbia,2013,40
Serbia,2014,69
Serbia,2015,67
Serbia,2016,46
Serbia,2017,52
Serbia,2018,51
Serbia,2019,24
Serbia,2020,23
Serbia,2021,29
Serbia,2022,43
Serbia,2023,53
Seychelles,2013,1
Seychelles,2014,2
Seychelles,2015,5
Seychelles,2016,1
Seychelles,2017,2
Seychelles,2018,3
Seychelles,2019,0
Seychelles,2020,2
Seychelles,2021,5
Seychelles,2022,2
Seychelles,2023,2
Sierra Leone,2013,27
Sierra Leone,2014,225
Sierra Leone,2015,121
Sierra Leone,2016,29
Sierra Leone,2017,20
Sierra Leone,2018,17
Sierra Leone,2019,7
Sierra Leone,2020,5
Sierra Leone,2021,9
Sierra Leone,2022,14
Sierra Leone,2023,11
Singapore,2013,49
Singapore,2014,63
Singapore,2015,46
Singapore,2016,33
Singapore,2017,25
Singapore,2018,40
Singapore,2019,25
Singapore,2020,28
Singapore,2021,39
Singapore,2022,36
Singapore,2023,17
Sint Maarten (Dutch part),2013,0
Sint Maarten (Dutch part),2014,0
Sint Maarten (Dutch part),2015,0
Sint Maarten (Dutch part),2023,0
Slovakia,2013,10
Slovakia,2014,17
Slovakia,2015,27
Slovakia,2016,78
Slovakia,2017,25
Slovakia,2018,30
Slovakia,2019,21
Slovakia,2020,20
Slovakia,2021,25
Slovakia,2022,10
Slovakia,2023,35
Slovenia,2013,17
Slovenia,2014,31
Slovenia,2015,44
Slovenia,2016,23
Slovenia,2017,26
Slovenia,2018,9
Slovenia,2019,8
Slovenia,2020,11
Slovenia,2021,15
Slovenia,2022,13
Slovenia,2023,17
Solomon Islands,2013,10
Solomon Islands,2014,8
Solomon Islands,2015,7
Solomon Islands,2016,3
Solomon Islands,2017,6
Solomon Islands,2018,5
Solomon Islands,2019,21
Solomon Islands,2020,14
Solomon Islands,2021,20
Solomon Islands,2022,78
Solomon Islands,2023,18
Somalia,2013,162
Somalia,2014,68
Somalia,2015,70
Somalia,2016,64
Somalia,2017,75
Somalia,2018,37
Somalia,2019,26
Somalia,2020,43
Somalia,2021,22
Somalia,2022,42
Somalia,2023,27
South Africa,2013,658
South Africa,2014,617
South Africa,2015,494
South Africa,2016,466
South Africa,2017,297
South Africa,2018,290
South Africa,2019,290
South Africa,2020,295
South Africa,2021,366
South Africa,2022,301
South Africa,2023,298
South Georgia and the South Sandwich Islands,2013,0
South Georgia and the South Sandwich Islands,2014,0
South Georgia and the South Sandwich Islands,2015,0
South Georgia and the South Sandwich Islands,2023,0
South Korea,2013,213
South Korea,2014,182
South Korea,2015,112
South Korea,2016,94
South Korea,2017,169
South Korea,2018,256
South Korea,2019,97
South Korea,2020,225
South Korea,2021,103
South Korea,2022,149
South Korea,2023,125
South Sudan,2013,55
South Sudan,2014,129
South Sudan,2015,76
South Sudan,2016,79
South Sudan,2017,60
South Sudan,2018,17
South Sudan,2019,16
South Sudan,2020,13
South Sudan,2021,10
South Sudan,2022,10
South Sudan,2023,18
Spain,2013,560
Spain,2014,623
Spain,2015,480
Spain,2016,357
Spain,2017,507
Spain,2018,424
Spain,2019,407
Spain,2020,597
Spain,2021,481
Spain,2022,444
Spain,2023,542
Sri Lanka,2013,126
Sri Lanka,2014,272
Sri Lanka,2015,84
Sri Lanka,2016,166
Sri Lanka,2017,48
Sri Lanka,2018,161
Sri Lanka,2019,156
Sri Lanka,2020,34
Sri Lanka,2021,116
Sri Lanka,2022,113
Sri Lanka,2023,41
Sudan,2013,38
Sudan,2014,95
Sudan,2015,71
Sudan,2016,59
Sudan,2017,49
Sudan,2018,28
Sudan,2019,94
Sudan,2020,66
Sudan,2021,49
Sudan,2022,36
Sudan,2023,196
Suriname,2013,4
Suriname,2014,0
Suriname,2015,2
Suriname,2016,1
Suriname,2017,1
Suriname,2018,0
Suriname,2019,1
Suriname,2020,2
Suriname,2021,2
Suriname,2022,1
Suriname,2023,3
Sweden,2013,145
Sweden,2014,182
Sweden,2015,209
Sweden,2016,191
Sweden,2017,122
Sweden,2018,214
Sweden,2019,154
Sweden,2020,135
Sweden,2021,113
Sweden,2022,143
Sweden,2023,199
Switzerland,2013,96
Switzerland,2014,149
Switzerland,2015,141
Switzerland,2016,96
Switzerland,2017,54
Switzerland,2018,70
Switzerland,2019,75
Switzerland,2020,47
Switzerland,2021,75
Switzerland,2022,112
Switzerland,2023,91
Syria,2013,1494
Syria,2014,1163
Syria,2015,1669
Syria,2016,1179
Syria,2017,515
Syria,2018,520
Syria,2019,427
Syria,2020,181
Syria,2021,148
Syria,2022,118
Syria,2023,206
Taiwan,2013,26
Taiwan,2014,21
Taiwan,2015,23
Taiwan,2016,59
Taiwan,2017,29
Taiwan,2018,33
Taiwan,2019,29
Taiwan,2020,73
Taiwan,2021,135
Taiwan,2022,176
Taiwan,2023,136
Tajikistan,2013,2
Tajikistan,2014,12
Tajikistan,2015,7
Tajikistan,2016,6
Tajikistan,2017,6
Tajikistan,2018,3
Tajikistan,2019,0
Tajikistan,2020,0
Tajikistan,2021,3
Tajikistan,2022,5
Tajikistan,2023,3
Tanzania,2013,50
Tanzania,2014,53
Tanzania,2015,54
Tanzania,2016,34
Tanzania,2017,26
Tanzania,2018,29
Tanzania,2019,22
Tanzania,2020,33
Tanzania,2021,27
Tanzania,2022,25
Tanzania,2023,7
Thailand,2013,99
Thailand,2014,195
Thailand,2015,136
Thailand,2016,124
Thailand,2017,63
Thailand,2018,158
Thailand,2019,130
Thailand,2020,84
Thailand,2021,66
Thailand,2022,66
Thailand,2023,94
Togo,2013,16
Togo,2014,1
Togo,2015,1
Togo,2016,2
Togo,2017,7
Togo,2018,0
Togo,2019,2
Togo,2020,4
Togo,2021,0
Togo,2022,6
Togo,2023,1
Tokelau,2013,0
Tokelau,2014,0
Tokelau,2015,0
Tokelau,2016,0
Tokelau,2017,0
Tokelau,2018,0
Tokelau,2019,0
Tokelau,2020,0
Tokelau,2021,0
Tokelau,2022,0
Tokelau,2023,0
Tonga,2013,9
Tonga,2014,6
Tonga,2015,24
Tonga,2016,4
Tonga,2017,10
Tonga,2018,14
Tonga,2019,29
Tonga,2020,14
Tonga,2021,23
Tonga,2022,40
Tonga,2023,24
Trinidad and Tobago,2013,17
Trinidad and Tobago,2014,5
Trinidad and Tobago,2015,19
Trinidad and Tobago,2016,9
Trinidad and Tobago,2017,6
Trinidad and Tobago,2018,19
Trinidad and Tobago,2019,12
Trinidad and Tobago,2020,7
Trinidad and Tobago,2021,12
Trinidad and Tobago,2022,10
Trinidad and Tobago,2023,20
Tunisia,2013,80
Tunisia,2014,30
Tunisia,2015,147
Tunisia,2016,34
Tunisia,2017,47
Tunisia,2018,57
Tunisia,2019,25
Tunisia,2020,18
Tunisia,2021,34
Tunisia,2022,37
Tunisia,2023,51
Turkey,2013,346
Turkey,2014,306
Turkey,2015,423
Turkey,2016,572
Turkey,2017,310
Turkey,2018,313
Turkey,2019,283
Turkey,2020,216
Turkey,2021,186
Turkey,2022,135
Turkey,2023,270
Turkmenistan,2013,5
Turkmenistan,2014,11
Turkmenistan,2015,9
Turkmenistan,2016,3
Turkmenistan,2017,11
Turkmenistan,2018,3
Turkmenistan,2019,2
Turkmenistan,2020,0
Turkmenistan,2021,3
Turkmenistan,2022,0
Turkmenistan,2023,4
Turks and Caicos Islands,2013,2
Turks and Caicos Islands,2014,0
Turks and Caicos Islands,2015,2
Turks and Caicos Islands,2016,0
Turks and Caicos Islands,2017,4
Turks and Caicos Islands,2018,1
Turks and Caicos Islands,2019,0
Turks and Caicos Islands,2020,0
Turks and Caicos Islands,2021,3
Turks and Caicos Islands,2022,3
Turks and Caicos Islands,2023,1
Tuvalu,2013,1
Tuvalu,2014,5
Tuvalu,2015,6
Tuvalu,2016,0
Tuvalu,2017,1
Tuvalu,2018,2
Tuvalu,2019,21
Tuvalu,2020,4
Tuvalu,2021,3
Tuvalu,2022,8
Tuvalu,2023,12
Uganda,2013,83
Uganda,2014,112
Uganda,2015,79
Uganda,2016,82
Uganda,2017,53
Uganda,2018,57
Uganda,2019,49
Uganda,2020,80
Uganda,2021,67
Uganda,2022,41
Uganda,2023,65
Ukraine,2013,155
Ukraine,2014,1539
Ukraine,2015,331
Ukraine,2016,161
Ukraine,2017,87
Ukraine,2018,99
Ukraine,2019,242
Ukraine,2020,101
Ukraine,2021,136
Ukraine,2022,4678
Ukraine,2023,2439
United Arab Emirates,2013,54
United Arab Emirates,2014,60
United Arab Emirates,2015,67
United Arab Emirates,2016,48
United Arab Emirates,2017,57
United Arab Emirates,2018,75
United Arab Emirates,2019,83
United Arab Emirates,2020,79
United Arab Emirates,2021,78
United Arab Emirates,2022,48
United Arab Emirates,2023,119
United Kingdom,2013,32765
United Kingdom,2014,30005
United Kingdom,2015,30382
United Kingdom,2016,87514
United Kingdom,2017,88674
United Kingdom,2018,84282
United Kingdom,2019,83208
United Kingdom,2020,80383
United Kingdom,2021,76113
United Kingdom,2022,77078
United Kingdom,2023,73395
United States,2013,17455
United States,2014,15086
United States,2015,18082
United States,2016,28981
United States,2017,21410
United States,2018,19692
United States,2019,18991
United States,2020,21653
United States,2021,20857
United States,2022,20036
United States,2023,22108
Uruguay,2013,52
Uruguay,2014,182
Uruguay,2015,54
Uruguay,2016,21
Uruguay,2017,10
Uruguay,2018,42
Uruguay,2019,14
Uruguay,2020,11
Uruguay,2021,7
Uruguay,2022,15
Uruguay,2023,21
Us Virgin Islands,2013,1
Us Virgin Islands,2014,0
Us Virgin Islands,2015,0
Us Virgin Islands,2016,0
Us Virgin Islands,2017,1
Us Virgin Islands,2018,0
Us Virgin Islands,2019,0
Us Virgin Islands,2020,0
Us Virgin Islands,2021,0
Us Virgin Islands,2022,0
Us Virgin Islands,2023,0
Uzbekistan,2013,24
Uzbekistan,2014,21
Uzbekistan,2015,21
Uzbekistan,2016,11
Uzbekistan,2017,17
Uzbekistan,2018,6
Uzbekistan,2019,14
Uzbekistan,2020,4
Uzbekistan,2021,7
Uzbekistan,2022,4
Uzbekistan,2023,4
Vanuatu,2013,1
Vanuatu,2014,6
Vanuatu,2015,30
Vanuatu,2016,7
Vanuatu,2017,7
Vanuatu,2018,11
Vanuatu,2019,11
Vanuatu,2020,26
Vanuatu,2021,25
Vanuatu,2022,25
Vanuatu,2023,20
Vatican,2013,208
Vatican,2014,109
Vatican,2015,85
Vatican,2016,82
Vatican,2017,50
Vatican,2018,39
Vatican,2019,65
Vatican,2020,39
Vatican,2021,11
Vatican,2022,16
Vatican,2023,29
Venezuela,2013,155
Venezuela,2014,88
Venezuela,2015,54
Venezuela,2016,82
Venezuela,2017,100
Venezuela,2018,77
Venezuela,2019,204
Venezuela,2020,60
Venezuela,2021,23
Venezuela,2022,39
Venezuela,2023,39
Vietnam,2013,60
Vietnam,2014,88
Vietnam,2015,74
Vietnam,2016,96
Vietnam,2017,52
Vietnam,2018,47
Vietnam,2019,71
Vietnam,2020,59
Vietnam,2021,43
Vietnam,2022,48
Vietnam,2023,57
Wallis and Futuna,2013,0
Wallis and Futuna,2014,0
Wallis and Futuna,2015,0
Wallis and Futuna,2023,0
Western Sahara,2013,5
Western Sahara,2014,5
Western Sahara,2015,9
Western Sahara,2016,3
Western Sahara,2017,2
Western Sahara,2018,2
Western Sahara,2019,1
Western Sahara,2020,1
Western Sahara,2021,2
Western Sahara,2022,0
Western Sahara,2023,2
Yemen,2013,93
Yemen,2014,64
Yemen,2015,168
Yemen,2016,153
Yemen,2017,148
Yemen,2018,153
Yemen,2019,143
Yemen,2020,78
Yemen,2021,84
Yemen,2022,36
Yemen,2023,39
Zambia,2013,32
Zambia,2014,24
Zambia,2015,24
Zambia,2016,17
Zambia,2017,10
Zambia,2018,7
Zambia,2019,12
Zambia,2020,11
Zambia,2021,22
Zambia,2022,11
Zambia,2023,24
Zimbabwe,2013,84
Zimbabwe,2014,55
Zimbabwe,2015,91
Zimbabwe,2016,42
Zimbabwe,2017,102
Zimbabwe,2018,61
Zimbabwe,2019,82
Zimbabwe,2020,51
Zimbabwe,2021,49
Zimbabwe,2022,43
Zimbabwe,2023,47